date,day,expected_attendance,actual_attendance,food_item,food_prepared,food_consumed,food_remaining,food_wasted,holiday,event,exam,temperature,rain_probability,previous_consumption
2026-01-01,Thursday,722.1,724.7,Chapati,788.5,748.9,39.6,43.1,0,0,0,31.5,89.2,716.0
2026-01-02,Friday,673.4,691.1,Curd,722.6,707.9,14.7,17.5,0,0,0,28.3,27.8,646.6
2026-01-03,Saturday,697.3,685.1,Vegetables,737.1,726.3,10.8,0,0,1,0,33.9,60.4,770.1
2026-01-04,Sunday,660.3,656.7,Rice,644.5,633.0,11.5,21.3,0,0,0,24.7,7.0,674.2
2026-01-05,Monday,685.9,667.4,Sambar,708.3,681.2,27.1,23.0,0,0,0,31.4,70.2,712.2
2026-01-06,Tuesday,757.8,761.3,Curd,783.4,761.3,22.0,26.3,0,0,0,31.6,84.3,787.1
2026-01-07,Wednesday,841.2,866.6,Chapati,856.8,830.8,25.9,31.2,0,0,0,29.0,88.5,872.5
2026-01-08,Thursday,724.2,742.0,Vegetables,766.4,732.0,34.4,39.8,0,0,0,36.0,51.0,770.4
2026-01-09,Friday,685.4,663.4,Curd,704.9,679.2,25.7,32.0,0,0,0,29.7,94.2,665.8
2026-01-10,Saturday,664.9,652.7,Chapati,753.5,693.6,59.9,62.7,0,0,0,25.7,50.1,689.0
2026-01-11,Sunday,595.5,577.8,Curd,627.3,592.8,34.5,43.7,0,0,0,29.4,0.1,582.7
2026-01-12,Monday,732.7,691.8,Sambar,760.0,729.5,30.5,24.0,0,1,0,33.4,97.8,758.6
2026-01-13,Tuesday,719.5,702.1,Chapati,756.7,682.4,74.3,71.2,0,0,0,32.2,20.1,790.2
2026-01-14,Wednesday,690.4,692.5,Curd,727.0,699.7,27.3,28.4,0,1,0,30.2,0.7,698.3
2026-01-15,Thursday,766.6,754.4,Rice,751.0,714.8,36.2,37.3,0,0,0,35.1,57.1,777.7
2026-01-16,Friday,702.2,693.0,Sambar,787.5,747.1,40.4,41.2,0,0,1,31.1,64.6,674.6
2026-01-17,Saturday,642.0,665.8,Rice,684.9,666.4,18.5,36.5,0,0,0,34.9,44.3,677.5
2026-01-18,Sunday,743.3,741.8,Vegetables,807.5,770.6,36.9,40.8,0,0,0,25.0,40.1,727.8
2026-01-19,Monday,711.3,704.3,Curd,750.2,713.4,36.8,36.6,0,0,0,28.8,19.0,764.1
2026-01-20,Tuesday,798.2,785.2,Rice,863.4,814.0,49.3,47.7,0,0,0,35.5,8.0,814.5
2026-01-21,Wednesday,796.7,781.5,Curd,841.2,799.2,42.0,39.9,0,1,0,31.2,56.5,780.4
2026-01-22,Thursday,664.9,671.0,Curd,796.3,764.8,31.5,34.6,0,0,0,23.0,45.8,696.7
2026-01-23,Friday,764.3,741.3,Chapati,806.4,736.4,70.0,72.2,0,0,0,28.1,54.3,788.3
2026-01-24,Saturday,595.2,582.0,Curd,640.4,589.5,50.9,50.2,0,0,0,23.5,55.3,644.4
2026-01-25,Sunday,578.2,576.7,Vegetables,620.6,582.2,38.4,41.4,0,1,0,33.6,4.4,577.3
2026-01-26,Monday,674.9,683.3,Curd,715.1,699.0,16.0,17.6,1,1,0,34.7,54.6,663.1
2026-01-27,Tuesday,645.6,607.4,Sambar,680.6,634.3,46.3,55.8,0,1,0,31.5,66.7,706.8
2026-01-28,Wednesday,766.1,781.8,Sambar,833.5,812.7,20.8,14.5,0,0,0,27.8,17.9,754.5
2026-01-29,Thursday,719.8,706.0,Rice,729.9,695.0,34.9,36.0,0,0,0,25.1,81.7,781.0
2026-01-30,Friday,700.3,704.4,Curd,695.2,687.5,7.6,7.1,0,1,0,26.9,50.9,670.5
2026-01-31,Saturday,681.2,698.5,Curd,674.6,653.0,21.6,16.7,0,0,0,32.2,31.4,762.0
2026-02-01,Sunday,676.6,662.4,Chapati,733.1,687.0,46.1,56.7,0,0,0,35.2,73.7,686.9
2026-02-02,Monday,688.3,711.0,Sambar,722.8,683.8,39.0,28.6,0,0,0,27.7,40.2,750.8
2026-02-03,Tuesday,695.2,700.1,Vegetables,707.3,688.3,19.1,15.8,0,1,0,28.0,58.0,675.5
2026-02-04,Wednesday,767.8,785.0,Sambar,880.5,829.4,51.1,51.5,0,0,0,31.3,61.9,682.4
2026-02-05,Thursday,740.2,753.6,Sambar,719.5,697.7,21.8,18.0,0,0,0,28.4,88.6,748.8
2026-02-06,Friday,726.8,731.5,Rice,789.3,761.8,27.6,31.2,0,0,0,28.0,17.6,723.7
2026-02-07,Saturday,524.8,523.7,Chapati,505.9,488.5,17.5,8.1,0,0,0,35.3,89.1,541.8
2026-02-08,Sunday,589.5,611.0,Curd,611.6,595.4,16.1,16.5,0,0,0,33.8,27.7,596.3
2026-02-09,Monday,734.8,754.4,Rice,799.9,753.8,46.1,43.4,0,1,0,27.4,15.3,766.4
2026-02-10,Tuesday,745.4,772.2,Vegetables,776.0,743.0,33.0,28.0,0,0,0,34.0,76.6,780.6
2026-02-11,Wednesday,643.0,612.3,Vegetables,654.2,608.8,45.4,47.8,0,0,0,25.8,48.6,629.4
2026-02-12,Thursday,865.2,879.4,Curd,855.1,810.9,44.2,45.8,0,0,0,31.3,8.4,817.6
2026-02-13,Friday,741.7,720.5,Curd,780.2,746.8,33.4,12.5,0,0,0,33.6,25.2,771.9
2026-02-14,Saturday,623.3,625.0,Sambar,644.2,619.3,24.9,22.4,0,1,1,25.5,83.9,636.4
2026-02-15,Sunday,578.7,556.9,Chapati,634.4,592.1,42.4,32.2,0,0,0,32.1,77.8,584.6
2026-02-16,Monday,668.9,647.0,Rice,756.7,710.3,46.4,50.4,0,0,1,31.7,62.7,589.8
2026-02-17,Tuesday,750.3,751.7,Curd,806.7,773.6,33.2,27.8,1,0,0,23.0,64.8,707.0
2026-02-18,Wednesday,662.0,664.2,Chapati,691.0,675.3,15.7,10.4,0,0,0,35.5,27.0,612.5
2026-02-19,Thursday,717.6,724.6,Sambar,730.4,707.1,23.3,32.9,0,1,0,25.4,46.5,785.5
2026-02-20,Friday,678.7,699.1,Chapati,690.3,659.2,31.0,31.3,0,0,0,34.3,55.6,681.2
2026-02-21,Saturday,624.3,613.2,Chapati,636.0,615.1,20.8,15.9,0,0,0,23.3,22.2,570.8
2026-02-22,Sunday,516.9,467.8,Sambar,532.2,512.2,20.0,19.5,0,0,0,26.3,23.1,615.1
2026-02-23,Monday,762.4,775.4,Chapati,796.6,774.8,21.8,19.1,0,0,0,30.4,98.1,815.9
2026-02-24,Tuesday,741.8,764.1,Curd,778.8,745.5,33.3,32.1,0,0,0,30.9,75.3,749.4
2026-02-25,Wednesday,737.2,757.9,Curd,758.9,730.3,28.6,32.4,0,0,0,27.6,7.4,747.6
2026-02-26,Thursday,765.7,791.2,Vegetables,770.7,717.8,52.9,51.0,0,0,0,30.7,77.6,779.2
2026-02-27,Friday,703.9,710.9,Rice,719.6,694.5,25.1,26.0,0,0,0,24.9,21.1,749.7
2026-02-28,Saturday,549.4,584.7,Chapati,617.5,581.1,36.4,35.6,0,1,0,26.0,86.0,578.5
2026-03-01,Sunday,552.2,583.3,Chapati,604.1,568.4,35.7,32.7,0,0,0,34.7,82.7,483.0
2026-03-02,Monday,782.0,761.2,Chapati,783.8,744.6,39.2,45.5,0,0,0,25.8,54.0,764.2
2026-03-03,Tuesday,729.9,738.3,Vegetables,741.0,718.8,22.2,30.3,0,0,0,35.3,100.0,745.3
2026-03-04,Wednesday,671.0,679.5,Sambar,675.5,640.8,34.7,33.7,0,0,0,33.4,96.9,666.5
2026-03-05,Thursday,689.3,685.5,Chapati,722.2,678.9,43.4,48.4,0,0,0,29.7,45.5,736.5
2026-03-06,Friday,731.2,736.2,Sambar,730.9,698.8,32.1,35.9,0,0,1,29.3,62.3,729.7
2026-03-07,Saturday,673.1,670.2,Rice,740.6,693.7,46.9,44.8,0,0,0,30.5,23.9,656.6
2026-03-08,Sunday,593.3,618.6,Vegetables,641.0,636.0,5.0,5.2,0,0,0,29.1,27.3,597.5
2026-03-09,Monday,757.1,758.5,Curd,781.7,728.9,52.8,52.8,0,0,1,32.8,85.4,801.2
2026-03-10,Tuesday,767.8,751.3,Sambar,788.6,770.2,18.4,27.6,0,0,0,28.8,33.2,728.5
2026-03-11,Wednesday,693.9,643.1,Vegetables,718.0,672.5,45.6,51.6,0,1,0,31.9,81.1,682.8
2026-03-12,Thursday,757.9,789.7,Sambar,793.0,762.3,30.7,36.9,0,0,0,33.8,10.0,753.9
2026-03-13,Friday,815.5,807.5,Vegetables,815.2,798.6,16.6,23.4,0,0,0,23.1,32.9,843.2
2026-03-14,Saturday,630.3,600.1,Vegetables,652.4,617.8,34.6,27.8,0,0,0,36.0,74.7,623.5
2026-03-15,Sunday,643.3,631.8,Sambar,682.8,636.4,46.4,45.1,1,0,1,27.0,43.1,668.8
2026-03-16,Monday,827.9,830.0,Curd,870.0,827.3,42.7,51.8,0,0,0,24.0,46.1,861.6
2026-03-17,Tuesday,715.8,734.5,Vegetables,774.8,715.8,59.0,60.6,0,0,0,30.9,42.4,697.4
2026-03-18,Wednesday,772.2,746.2,Rice,802.3,769.2,33.1,38.8,0,0,0,22.3,83.0,793.5
2026-03-19,Thursday,807.0,840.5,Sambar,851.7,810.7,40.9,40.9,0,0,0,25.2,80.2,776.2
2026-03-20,Friday,647.6,635.2,Sambar,707.1,668.8,38.3,38.2,0,0,0,30.1,73.2,593.1
2026-03-21,Saturday,645.6,684.4,Rice,738.7,719.3,19.4,16.6,0,0,0,24.3,91.4,575.9
2026-03-22,Sunday,598.7,609.4,Curd,637.6,620.3,17.3,21.5,0,0,0,31.4,39.7,601.4
2026-03-23,Monday,671.0,677.5,Chapati,726.5,688.0,38.4,48.7,0,0,0,33.5,94.0,662.2
2026-03-24,Tuesday,694.5,709.8,Rice,736.1,701.3,34.9,51.0,0,0,0,31.8,64.9,736.8
2026-03-25,Wednesday,824.1,841.2,Rice,824.2,781.0,43.2,46.1,0,0,0,32.4,94.6,866.1
2026-03-26,Thursday,768.2,765.9,Curd,815.9,770.7,45.2,50.0,0,0,0,25.0,44.5,726.3
2026-03-27,Friday,771.0,776.7,Sambar,724.9,719.9,5.0,9.3,0,0,0,23.3,21.2,781.5
2026-03-28,Saturday,628.6,619.4,Sambar,644.3,636.6,7.6,4.3,0,0,0,33.4,23.3,605.5
2026-03-29,Sunday,688.4,689.9,Sambar,711.8,697.9,13.9,17.8,0,0,0,23.8,35.8,684.9
2026-03-30,Monday,726.5,735.9,Chapati,685.4,654.2,31.2,39.6,0,0,0,29.2,10.9,683.8
2026-03-31,Tuesday,704.8,694.4,Sambar,706.5,689.2,17.3,20.8,1,0,0,28.0,10.8,752.5
2026-04-01,Wednesday,770.4,788.6,Chapati,768.7,731.2,37.5,43.8,0,0,0,35.9,53.1,781.7
2026-04-02,Thursday,723.0,706.3,Sambar,789.5,749.2,40.3,37.8,0,0,0,28.3,41.6,699.1
2026-04-03,Friday,705.9,699.0,Rice,760.7,725.1,35.6,41.8,0,1,0,32.4,37.3,669.3
2026-04-04,Saturday,525.2,524.7,Vegetables,557.9,519.9,38.1,35.2,0,0,0,22.7,28.8,563.1
2026-04-05,Sunday,624.2,599.2,Chapati,675.0,670.0,5.0,7.9,0,0,0,30.0,80.7,640.8
2026-04-06,Monday,854.8,836.0,Vegetables,886.3,853.0,33.3,37.7,0,0,0,31.8,30.9,868.0
2026-04-07,Tuesday,811.9,854.4,Chapati,880.3,838.1,42.1,36.7,0,1,0,27.3,45.4,836.3
2026-04-08,Wednesday,745.6,778.8,Rice,746.7,713.3,33.4,32.1,0,0,0,25.8,66.2,751.4
2026-04-09,Thursday,715.0,761.2,Sambar,756.6,725.0,31.5,34.9,0,0,0,26.3,22.1,729.0
2026-04-10,Friday,734.0,717.8,Vegetables,788.6,738.8,49.8,47.5,0,0,0,23.8,53.3,705.2
2026-04-11,Saturday,630.4,633.2,Curd,632.5,614.6,17.9,18.7,1,0,0,30.1,57.3,622.6
2026-04-12,Sunday,683.0,702.1,Curd,692.6,655.1,37.6,46.5,0,0,0,28.1,10.6,757.9
2026-04-13,Monday,747.0,738.0,Rice,762.5,702.1,60.4,58.7,0,0,0,24.7,77.6,806.8
2026-04-14,Tuesday,752.1,730.3,Chapati,734.7,701.8,32.9,33.2,0,0,0,24.5,77.3,770.5
2026-04-15,Wednesday,629.5,619.3,Rice,606.8,593.2,13.6,9.7,0,0,0,28.2,46.9,549.1
2026-04-16,Thursday,707.7,713.6,Rice,701.9,680.9,21.0,14.8,0,0,1,34.1,85.5,743.3
2026-04-17,Friday,634.7,661.1,Chapati,736.0,685.9,50.2,45.8,0,0,0,24.1,6.2,654.6
2026-04-18,Saturday,610.6,580.8,Rice,661.6,636.4,25.2,26.3,0,0,0,30.5,36.4,602.7
2026-04-19,Sunday,639.4,626.5,Chapati,621.8,615.2,6.6,9.8,0,1,0,26.0,72.4,590.4
2026-04-20,Monday,666.7,652.7,Sambar,740.8,699.7,41.1,38.3,0,0,0,23.8,70.9,599.8
2026-04-21,Tuesday,680.3,692.8,Vegetables,704.0,661.9,42.1,43.6,0,0,0,31.0,42.3,622.6
2026-04-22,Wednesday,820.5,785.7,Chapati,832.8,817.9,14.9,9.6,0,0,0,29.1,54.0,971.5
2026-04-23,Thursday,766.4,753.2,Vegetables,775.3,737.8,37.5,35.9,0,0,0,33.3,16.6,791.3
2026-04-24,Friday,659.4,636.0,Vegetables,702.4,675.6,26.8,24.0,0,0,0,35.5,78.4,622.0
2026-04-25,Saturday,576.5,545.0,Chapati,631.3,591.2,40.1,33.7,0,0,0,33.4,80.1,583.3
2026-04-26,Sunday,699.4,723.4,Vegetables,672.8,643.0,29.8,39.0,0,0,0,24.2,44.9,677.3
2026-04-27,Monday,825.1,843.5,Curd,873.4,829.3,44.1,50.5,0,0,0,27.4,8.2,771.5
2026-04-28,Tuesday,737.7,745.0,Sambar,767.2,734.8,32.5,35.8,0,0,0,23.9,70.6,719.3
2026-04-29,Wednesday,645.5,648.1,Vegetables,642.8,598.8,44.0,41.7,0,0,0,26.2,4.8,628.4
2026-04-30,Thursday,721.8,714.5,Curd,770.1,723.6,46.5,45.4,0,0,0,28.0,61.5,718.1
2026-05-01,Friday,791.2,794.8,Rice,740.6,735.6,5.0,5.0,0,0,0,27.5,47.0,808.9
2026-05-02,Saturday,569.9,600.8,Vegetables,541.8,517.2,24.7,28.6,0,0,0,26.7,4.4,616.9
2026-05-03,Sunday,682.3,670.9,Curd,753.8,698.2,55.6,58.9,0,0,0,35.2,3.7,677.5
2026-05-04,Monday,565.4,574.4,Curd,582.0,577.0,5.0,3.7,0,0,0,24.7,35.7,555.2
2026-05-05,Tuesday,678.7,687.0,Vegetables,693.2,642.7,50.5,50.3,0,0,0,24.6,69.2,692.4
2026-05-06,Wednesday,795.7,809.4,Curd,831.4,781.5,49.8,43.0,0,0,0,23.1,66.1,818.3
2026-05-07,Thursday,646.2,659.6,Sambar,727.5,688.1,39.4,34.4,0,0,0,31.0,79.1,664.6
2026-05-08,Friday,759.2,748.0,Vegetables,781.8,739.5,42.2,36.0,0,0,1,22.9,77.9,753.5
2026-05-09,Saturday,670.3,646.9,Vegetables,709.2,670.4,38.9,38.3,0,0,0,27.6,65.0,659.7
2026-05-10,Sunday,643.6,649.5,Sambar,695.5,663.6,31.9,33.2,0,0,0,30.6,69.4,634.5
2026-05-11,Monday,778.0,753.4,Sambar,851.4,812.4,38.9,46.5,0,0,0,26.5,34.7,755.4
2026-05-12,Tuesday,747.8,723.9,Chapati,748.2,720.6,27.5,29.6,0,0,0,33.1,2.6,707.6
2026-05-13,Wednesday,745.2,752.3,Vegetables,760.0,731.3,28.7,27.9,0,0,0,27.8,40.9,736.6
2026-05-14,Thursday,708.5,712.0,Sambar,693.0,648.4,44.6,47.1,0,0,0,24.5,96.6,679.4
2026-05-15,Friday,719.1,714.8,Curd,772.9,736.5,36.4,40.3,0,0,0,29.3,28.4,738.7
2026-05-16,Saturday,601.7,599.0,Rice,648.6,623.9,24.7,25.9,0,0,0,24.4,62.4,591.5
2026-05-17,Sunday,736.9,728.8,Curd,836.2,798.7,37.6,30.7,0,0,0,30.0,61.8,778.6
2026-05-18,Monday,631.2,620.4,Curd,643.9,611.0,32.9,29.5,0,0,1,22.8,44.0,637.9
2026-05-19,Tuesday,719.2,728.2,Curd,730.3,696.0,34.3,34.3,0,0,0,29.9,31.9,650.0
2026-05-20,Wednesday,833.5,889.4,Vegetables,853.0,830.0,23.1,32.0,0,0,0,33.4,93.4,810.0
2026-05-21,Thursday,682.8,684.1,Vegetables,704.5,668.9,35.6,25.3,1,0,0,35.5,21.5,683.0
2026-05-22,Friday,728.4,721.2,Curd,771.0,737.8,33.3,28.9,0,0,0,27.1,40.3,732.8
2026-05-23,Saturday,678.3,660.8,Curd,737.8,708.0,29.8,31.1,0,0,0,31.5,11.9,696.8
2026-05-24,Sunday,621.1,606.2,Curd,623.0,588.4,34.5,29.8,0,0,1,23.9,33.3,597.8
2026-05-25,Monday,773.8,765.0,Rice,770.0,739.0,31.0,25.8,0,0,0,30.3,50.7,760.9
2026-05-26,Tuesday,674.3,667.1,Chapati,742.5,707.8,34.6,43.2,0,0,0,32.2,68.8,712.8
2026-05-27,Wednesday,652.3,661.9,Rice,728.4,679.5,48.9,60.9,0,0,0,30.7,84.1,626.1
2026-05-28,Thursday,751.6,720.6,Chapati,731.0,694.2,36.8,35.7,0,0,0,29.0,61.1,786.7
2026-05-29,Friday,742.9,711.3,Curd,770.5,727.5,43.0,44.1,0,0,0,24.4,91.2,772.8
2026-05-30,Saturday,592.3,575.5,Curd,628.6,587.4,41.3,40.0,0,0,0,35.6,29.8,577.7
2026-05-31,Sunday,500.8,489.6,Rice,518.9,479.0,39.9,40.3,0,0,0,29.6,89.6,470.4
2026-06-01,Monday,709.6,699.4,Chapati,666.1,641.9,24.2,23.3,0,0,0,28.7,20.2,763.5
2026-06-02,Tuesday,727.7,717.8,Chapati,757.1,711.3,45.9,44.7,0,0,0,25.3,10.0,701.8
2026-06-03,Wednesday,761.9,774.4,Chapati,799.4,756.2,43.2,51.1,0,0,0,31.1,75.6,759.1
2026-06-04,Thursday,740.0,709.9,Sambar,790.0,759.5,30.5,35.0,0,1,0,27.9,83.8,797.0
2026-06-05,Friday,859.7,858.0,Vegetables,914.9,884.1,30.8,37.0,0,0,1,30.0,10.7,825.0
2026-06-06,Saturday,642.7,644.3,Curd,628.3,614.2,14.1,18.6,0,0,0,26.6,73.1,630.6
2026-06-07,Sunday,535.7,545.8,Curd,616.7,573.9,42.8,43.9,0,0,0,33.6,51.5,511.4
2026-06-08,Monday,735.9,747.3,Rice,742.1,715.0,27.2,24.8,0,0,0,26.6,58.2,734.3
2026-06-09,Tuesday,698.3,708.8,Sambar,659.0,652.4,6.5,4.2,0,0,0,32.8,69.0,702.8
2026-06-10,Wednesday,670.0,639.8,Chapati,695.2,688.0,7.2,7.8,0,0,0,34.8,75.7,675.2
2026-06-11,Thursday,745.9,740.9,Curd,739.0,711.9,27.1,24.5,0,0,1,29.9,6.2,735.5
2026-06-12,Friday,766.3,779.3,Chapati,815.8,781.2,34.6,29.0,0,0,0,34.6,44.5,736.3
2026-06-13,Saturday,523.0,548.0,Rice,585.1,549.5,35.6,50.4,0,0,0,32.4,57.8,537.9
2026-06-14,Sunday,681.9,668.2,Vegetables,739.2,710.2,28.9,33.2,0,0,0,31.0,72.9,678.5
2026-06-15,Monday,670.8,656.8,Rice,663.0,635.0,28.0,27.5,0,0,0,26.9,17.8,708.2
2026-06-16,Tuesday,735.9,773.7,Rice,753.0,719.0,34.0,37.8,0,0,0,27.3,23.0,639.0
2026-06-17,Wednesday,809.2,773.4,Sambar,805.6,782.1,23.5,18.8,0,0,0,25.4,6.7,819.5
2026-06-18,Thursday,726.7,709.3,Chapati,770.2,713.2,57.0,56.5,0,0,0,22.8,50.4,691.2
2026-06-19,Friday,744.3,726.6,Sambar,788.0,738.3,49.6,42.8,0,0,0,29.3,41.4,680.3
2026-06-20,Saturday,579.2,594.9,Chapati,611.4,566.2,45.2,48.1,0,0,0,31.4,78.6,552.9
2026-06-21,Sunday,514.5,525.6,Sambar,580.4,552.0,28.4,30.9,0,0,0,34.8,56.2,525.7
2026-06-22,Monday,719.2,721.1,Chapati,735.2,689.9,45.3,47.2,0,0,0,33.6,5.2,731.7
2026-06-23,Tuesday,718.7,771.6,Vegetables,807.8,789.5,18.2,32.8,0,0,0,35.4,1.5,674.5
2026-06-24,Wednesday,802.9,820.5,Vegetables,796.7,760.4,36.3,34.6,0,0,0,26.5,28.3,775.2
2026-06-25,Thursday,633.1,629.5,Chapati,730.5,690.6,39.9,39.9,0,0,0,24.8,31.3,646.5
2026-06-26,Friday,796.4,782.2,Vegetables,784.7,752.6,32.1,30.6,0,0,0,27.3,83.3,778.0
2026-06-27,Saturday,697.1,689.6,Rice,664.6,630.3,34.3,27.4,0,0,0,24.4,72.0,686.6
2026-06-28,Sunday,516.1,527.5,Vegetables,536.5,508.4,28.2,30.2,0,0,1,22.1,13.7,506.0
2026-06-29,Monday,676.7,673.7,Curd,703.6,672.3,31.3,27.4,0,0,0,28.8,0.7,711.4
2026-06-30,Tuesday,830.2,824.1,Curd,881.1,841.8,39.4,30.3,0,0,0,23.5,9.6,837.0
2026-07-01,Wednesday,736.2,734.7,Rice,768.9,742.0,26.9,34.2,0,0,0,31.8,30.0,722.6
2026-07-02,Thursday,774.7,758.8,Rice,780.5,738.6,41.9,32.8,0,1,1,24.4,50.0,793.7
2026-07-03,Friday,827.4,851.9,Rice,890.1,867.9,22.2,21.1,0,0,0,29.9,27.1,779.2
2026-07-04,Saturday,666.0,655.9,Vegetables,707.8,680.9,26.9,20.9,1,0,0,33.5,82.1,727.7
2026-07-05,Sunday,589.6,598.0,Rice,608.0,588.9,19.1,22.1,0,0,0,31.7,7.8,550.5
2026-07-06,Monday,679.3,716.7,Vegetables,745.3,714.1,31.2,23.9,0,0,0,22.4,27.3,729.7
2026-07-07,Tuesday,758.7,747.4,Vegetables,801.0,755.4,45.6,46.2,0,0,0,25.5,7.4,801.4
2026-07-08,Wednesday,719.4,712.5,Rice,770.0,723.9,46.1,41.3,1,0,0,25.8,13.3,734.6
2026-07-09,Thursday,789.1,766.2,Sambar,807.8,797.9,9.9,0,0,0,0,22.2,41.4,812.9
2026-07-10,Friday,699.8,700.6,Curd,708.9,671.1,37.8,35.9,0,0,0,28.9,6.3,690.5
2026-07-11,Saturday,702.5,729.8,Vegetables,705.2,656.9,48.4,41.1,0,0,0,23.9,0.7,683.3
2026-07-12,Sunday,568.7,557.0,Curd,620.2,576.6,43.6,56.4,0,0,0,26.5,94.7,624.1
2026-07-13,Monday,722.6,787.9,Sambar,732.9,676.6,56.4,61.7,0,0,0,25.9,78.6,673.3
2026-07-14,Tuesday,701.1,681.4,Vegetables,689.4,681.6,7.8,9.2,0,0,0,28.1,29.1,660.9
2026-07-15,Wednesday,760.0,750.2,Vegetables,748.9,727.6,21.3,10.2,0,0,0,27.3,44.9,782.8
2026-07-16,Thursday,636.4,659.2,Rice,653.2,641.6,11.6,7.2,0,0,0,30.9,8.5,619.6
2026-07-17,Friday,657.0,631.5,Chapati,712.1,674.3,37.8,37.6,0,0,0,33.1,10.6,637.5
2026-07-18,Saturday,629.6,625.6,Sambar,637.9,604.7,33.3,35.1,0,0,0,24.1,99.8,663.0
2026-07-19,Sunday,590.8,599.5,Rice,613.6,580.1,33.5,41.1,0,0,0,23.4,72.2,616.9
2026-07-20,Monday,776.4,772.6,Vegetables,844.1,796.9,47.2,50.7,0,0,0,25.4,17.4,735.3
2026-07-21,Tuesday,705.8,721.5,Rice,735.8,703.2,32.6,33.5,0,0,0,34.4,45.0,689.4
2026-07-22,Wednesday,642.8,661.1,Vegetables,599.4,565.0,34.4,32.5,0,0,0,23.6,67.1,613.5
2026-07-23,Thursday,686.6,694.0,Curd,705.2,677.1,28.1,29.8,0,0,0,31.9,29.7,669.7
2026-07-24,Friday,769.5,747.0,Sambar,765.8,732.3,33.5,43.5,0,0,0,30.0,42.3,792.1
2026-07-25,Saturday,560.0,512.7,Chapati,608.6,576.2,32.5,37.6,0,0,0,22.8,35.9,546.2
2026-07-26,Sunday,587.7,590.6,Curd,616.3,593.7,22.5,26.0,0,0,0,24.3,56.5,558.3
2026-07-27,Monday,759.9,787.5,Rice,774.9,768.7,6.3,0.0,0,0,0,23.6,11.4,793.6
2026-07-28,Tuesday,733.7,773.4,Rice,768.6,739.2,29.5,28.7,0,0,0,31.2,24.8,696.0
2026-07-29,Wednesday,566.9,576.4,Sambar,569.3,556.6,12.8,14.2,0,0,0,30.2,35.1,608.7
2026-07-30,Thursday,768.7,761.6,Rice,807.9,758.3,49.6,55.3,0,0,0,24.4,97.9,710.3
2026-07-31,Friday,790.3,803.9,Vegetables,851.5,813.7,37.8,36.2,0,1,0,31.2,70.1,834.2
2026-08-01,Saturday,548.0,594.2,Curd,619.4,578.1,41.3,39.2,0,0,0,30.9,88.0,551.0
2026-08-02,Sunday,558.9,530.1,Vegetables,544.0,528.2,15.8,21.0,0,0,0,23.3,97.2,570.3
2026-08-03,Monday,741.7,766.9,Rice,735.6,710.1,25.5,21.3,0,0,0,26.7,57.8,778.0
2026-08-04,Tuesday,804.0,802.8,Curd,878.9,847.6,31.2,42.2,0,1,0,24.2,45.7,817.9
2026-08-05,Wednesday,799.2,828.3,Sambar,858.6,814.4,44.1,41.5,0,0,0,27.2,90.4,867.5
2026-08-06,Thursday,708.3,716.7,Vegetables,737.3,704.7,32.6,31.2,0,0,1,30.3,51.9,714.9
2026-08-07,Friday,708.4,670.8,Sambar,756.5,711.4,45.1,49.0,0,1,0,23.4,36.8,671.0
2026-08-08,Saturday,684.4,689.3,Rice,743.4,720.7,22.7,19.4,0,0,0,25.0,74.8,703.1
2026-08-09,Sunday,638.0,619.0,Curd,647.7,624.0,23.7,17.2,0,0,0,33.1,24.8,651.8
2026-08-10,Monday,745.2,759.6,Sambar,765.2,744.9,20.3,30.3,0,0,0,29.2,51.0,692.5
2026-08-11,Tuesday,703.1,683.2,Curd,746.7,717.7,29.0,33.2,0,0,0,35.7,98.7,703.7
2026-08-12,Wednesday,697.6,691.2,Curd,775.0,712.0,62.9,67.7,0,0,1,30.2,1.4,691.4
2026-08-13,Thursday,685.2,684.2,Sambar,724.6,680.7,43.9,40.5,0,0,0,29.5,61.6,655.3
2026-08-14,Friday,676.7,679.7,Vegetables,674.5,669.4,5.1,7.1,0,0,0,22.9,69.9,668.8
2026-08-15,Saturday,676.5,676.9,Chapati,713.0,679.4,33.6,29.0,0,0,0,24.5,1.3,708.6
2026-08-16,Sunday,638.1,623.2,Rice,667.7,639.1,28.6,30.0,0,0,0,25.8,88.6,583.4
2026-08-17,Monday,717.9,675.9,Rice,765.7,726.6,39.1,40.6,0,0,0,22.8,85.9,812.6
2026-08-18,Tuesday,738.9,719.1,Vegetables,829.8,771.6,58.2,62.2,1,0,0,28.6,38.3,780.2
2026-08-19,Wednesday,736.6,760.4,Rice,760.0,732.1,27.9,28.9,0,0,0,30.0,11.9,762.7
2026-08-20,Thursday,749.9,743.3,Chapati,802.5,770.0,32.5,28.6,0,0,0,26.6,55.3,746.2
2026-08-21,Friday,732.5,730.6,Chapati,761.7,737.3,24.3,25.3,0,0,0,32.3,54.7,766.0
2026-08-22,Saturday,560.1,557.3,Vegetables,583.6,558.1,25.5,21.9,0,0,1,31.2,84.9,615.1
2026-08-23,Sunday,763.1,771.7,Chapati,756.1,708.6,47.5,39.4,0,0,1,25.2,84.6,740.5
2026-08-24,Monday,754.3,787.3,Curd,811.1,768.2,42.9,39.3,0,1,0,28.1,96.4,764.9
2026-08-25,Tuesday,711.8,725.6,Sambar,774.5,729.0,45.5,40.3,0,0,0,30.2,15.5,737.2
2026-08-26,Wednesday,671.4,662.5,Sambar,692.9,666.8,26.1,27.9,0,1,0,26.3,70.5,683.0
2026-08-27,Thursday,784.2,781.4,Rice,817.4,799.5,17.9,15.8,1,0,0,24.4,95.2,777.2
2026-08-28,Friday,740.0,719.2,Curd,748.8,702.6,46.2,42.1,1,0,0,23.8,82.4,721.9
2026-09-22,Tuesday,750.0,745.0,Rice,770.0,740.0,30.0,30.0,0,0,0,30.0,20.0,702.6
2026-09-23,Wednesday,750.0,745.0,Rice,750.0,600.0,150.0,150.0,0,0,0,30.0,20.0,740.0
2026-09-23,Wednesday,750.0,722.0,Sambar,770.0,740.0,30.0,30.0,0,0,0,30.0,20.0,600.0
2026-09-09,Wednesday,750.0,745.0,Rice,770.0,740.0,30.0,30.0,0,0,0,30.0,20.0,740.0
2026-09-09,Wednesday,750.0,745.0,Rice,770.0,766.0,4.0,4.0,0,0,0,30.0,20.0,740.0
2026-09-23,Wednesday,750.0,745.0,Rice,770.0,766.0,4.0,4.0,0,0,0,30.0,20.0,766.0
2026-09-23,Wednesday,750.0,745.0,Vegetables,770.0,766.0,4.0,4.0,0,0,0,30.0,20.0,766.0
2026-09-23,Wednesday,750.0,877.0,Vegetables,770.0,766.0,4.0,4.0,0,0,0,30.0,20.0,766.0
2026-09-24,Thursday,750.0,745.0,Sambar,770.0,740.0,30.0,30.0,0,0,0,30.0,20.0,766.0
2026-09-25,Friday,750.0,745.0,Sambar,770.0,740.0,30.0,30.0,0,0,0,30.0,20.0,740.0
2026-09-25,Friday,750.0,745.0,Sambar,770.0,743.0,27.0,27.0,0,0,0,30.0,20.0,740.0
2026-09-25,Friday,750.0,745.0,Vegetables,770.0,740.0,30.0,30.0,0,0,0,30.0,20.0,743.0
2026-09-26,Saturday,750.0,745.0,Sambar,770.0,740.0,30.0,30.0,0,0,0,30.0,20.0,740.0
2026-09-22,Tuesday,750.0,745.0,Rice,770.0,740.0,30.0,30.0,0,0,0,30.0,20.0,740.0
